mysql> create database AddressBook_Service;
Query OK, 1 row affected (0.03 sec)

mysql> show databases;
+---------------------+
| Database            |
+---------------------+
| addressbook_service |
| classicmodels       |
| emlpoyee_payroll    |
| information_schema  |
| mysql               |
| payroll_service     |
| performance_schema  |
| sakila              |
| sys                 |
| world               |
+---------------------+
10 rows in set (0.00 sec)
-----------------UC2-----------Create Table--------------------------
mysql> use addressbook_service;
Database changed
mysql> CREATE TABLE addressBook
    -> (
    -> firstName VARCHAR(100) NOT NULL,
    -> lastName VARCHAR(100) NOT NULL,
    -> address VARCHAR(100) NOT NULL,
    -> city VARCHAR(100) NOT NULL,
    -> state VARCHAR(100) NOT NULL,
    -> zipCode INT unsigned NOT NULL,
    -> phoneNumber BIGINT NOT NULL,
    -> email VARCHAR(100) NOT NULL,
    -> PRIMARY KEY (firstName)
    -> );
Query OK, 0 rows affected (0.47 sec)
mysql> show tables;
+-------------------------------+
| Tables_in_addressbook_service |
+-------------------------------+
| addressbook                   |
+-------------------------------+
1 row in set (0.02 sec)

mysql> desc addressbook;
+-------------+--------------+------+-----+---------+-------+
| Field       | Type         | Null | Key | Default | Extra |
+-------------+--------------+------+-----+---------+-------+
| firstName   | varchar(100) | NO   | PRI | NULL    |       |
| lastName    | varchar(100) | NO   |     | NULL    |       |
| address     | varchar(100) | NO   |     | NULL    |       |
| city        | varchar(100) | NO   |     | NULL    |       |
| state       | varchar(100) | NO   |     | NULL    |       |
| zipCode     | int unsigned | NO   |     | NULL    |       |
| phoneNumber | bigint       | NO   |     | NULL    |       |
| email       | varchar(100) | NO   |     | NULL    |       |
+-------------+--------------+------+-----+---------+-------+
8 rows in set (0.01 sec)
---------------UC3---------Insert data--------------------------------------
mysql> Insert into addressBook values
    -> ('Prarthana','Chaudhari','Mumbai','Mumbai','Maharashtra',455745,45584662,'prarthana@yahoo.com'),
    ->
    -> ('Priti','Chaudhari','Mumbai','Mumbai','Maharashtra',45621,5654544,'priti@yahoo.com'),
    -> ('Rohit','Chaudhari','Banglore','Banglore','Karnatka',654225,5558656,'rohit@yahoo.com');
Query OK, 3 rows affected (0.02 sec)
Records: 3  Duplicates: 0  Warnings: 0

mysql> select * from addressbook;
+-----------+-----------+----------+----------+-------------+---------+-------------+---------------------+
| firstName | lastName  | address  | city     | state       | zipCode | phoneNumber | email               |
+-----------+-----------+----------+----------+-------------+---------+-------------+---------------------+
| Prarthana | Chaudhari | Mumbai   | Mumbai   | Maharashtra |  455745 |    45584662 | prarthana@yahoo.com |
| Priti     | Chaudhari | Mumbai   | Mumbai   | Maharashtra |   45621 |     5654544 | priti@yahoo.com     |
| Rohit     | Chaudhari | Banglore | Banglore | Karnatka    |  654225 |     5558656 | rohit@yahoo.com     |
+-----------+-----------+----------+----------+-------------+---------+-------------+---------------------+
3 rows in set (0.00 sec)
----------------UC4----------------------Edit contact by name-------------------------------------------------------
mysql> Update addressBook set zipCode=754682 where firstname='Prarthana';
Query OK, 1 row affected (0.01 sec)
Rows matched: 1  Changed: 1  Warnings: 0

mysql> select * from addressbook;
+-----------+-----------+----------+----------+-------------+---------+-------------+---------------------+
| firstName | lastName  | address  | city     | state       | zipCode | phoneNumber | email               |
+-----------+-----------+----------+----------+-------------+---------+-------------+---------------------+
| Prarthana | Chaudhari | Mumbai   | Mumbai   | Maharashtra |  754682 |    45584662 | prarthana@yahoo.com |
| Priti     | Chaudhari | Mumbai   | Mumbai   | Maharashtra |   45621 |     5654544 | priti@yahoo.com     |
| Rohit     | Chaudhari | Banglore | Banglore | Karnatka    |  654225 |     5558656 | rohit@yahoo.com     |
+-----------+-----------+----------+----------+-------------+---------+-------------+---------------------+
3 rows in set (0.00 sec)
-------------------UC5--------------------Delete contact by name-----------------------------------------------------
mysql> delete from addressbook where firstname="Priti";
Query OK, 1 row affected (0.03 sec)

mysql> select * from addressbook;
+-----------+-----------+----------+----------+-------------+---------+-------------+---------------------+
| firstName | lastName  | address  | city     | state       | zipCode | phoneNumber | email               |
+-----------+-----------+----------+----------+-------------+---------+-------------+---------------------+
| Prarthana | Chaudhari | Mumbai   | Mumbai   | Maharashtra |  754682 |    45584662 | prarthana@yahoo.com |
| Rohit     | Chaudhari | Banglore | Banglore | Karnatka    |  654225 |     5558656 | rohit@yahoo.com     |
+-----------+-----------+----------+----------+-------------+---------+-------------+---------------------+
2 rows in set (0.00 sec)

------------------------UC6----------------------Search by city or state-----------------------------------------------
mysql> select * from addressbook where city="Mumbai";
+-----------+-----------+---------+--------+-------------+---------+-------------+---------------------+
| firstName | lastName  | address | city   | state       | zipCode | phoneNumber | email               |
+-----------+-----------+---------+--------+-------------+---------+-------------+---------------------+
| Prarthana | Chaudhari | Mumbai  | Mumbai | Maharashtra |  754682 |    45584662 | prarthana@yahoo.com |
+-----------+-----------+---------+--------+-------------+---------+-------------+---------------------+
1 row in set (0.00 sec)
mysql> select * from addressbook where State="Karnatka";
+-----------+-----------+----------+----------+----------+---------+-------------+-----------------+
| firstName | lastName  | address  | city     | state    | zipCode | phoneNumber | email           |
+-----------+-----------+----------+----------+----------+---------+-------------+-----------------+
| Rohit     | Chaudhari | Banglore | Banglore | Karnatka |  654225 |     5558656 | rohit@yahoo.com |
+-----------+-----------+----------+----------+----------+---------+-------------+-----------------+
1 row in set (0.00 sec)
---------------------------------UC7-------------count contacts by city or state---------------------------------------
mysql> select city,count(city) from addressbook group by city;
+----------+-------------+
| city     | count(city) |
+----------+-------------+
| Mumbai   |           1 |
| Banglore |           1 |
+----------+-------------+
2 rows in set (0.00 sec)

mysql> select state,count(state) from addressbook group by state;
+-------------+--------------+
| state       | count(state) |
+-------------+--------------+
| Maharashtra |            1 |
| Karnatka    |            1 |
+-------------+--------------+
2 rows in set (0.00 sec)
-------------------------------------UC8 Sort Data using order by-----------------------------------------

mysql> insert into addressbook values
    -> ('Priti','Chaudhari','Pune','Pune','Maharashtra',456214,2136458,'priti@gmail.com'),
    -> ('Harshal','Chaudhari','Surat','Surat','Gujrat',23154,1236542,'harshal@yahoo.com');
Query OK, 2 rows affected (0.02 sec)
Records: 2  Duplicates: 0  Warnings: 0

mysql> select * from addressbook;
+-----------+-----------+----------+----------+-------------+---------+-------------+---------------------+
| firstName | lastName  | address  | city     | state       | zipCode | phoneNumber | email               |
+-----------+-----------+----------+----------+-------------+---------+-------------+---------------------+
| Harshal   | Chaudhari | Surat    | Surat    | Gujrat      |   23154 |     1236542 | harshal@yahoo.com   |
| Prarthana | Chaudhari | Mumbai   | Mumbai   | Maharashtra |  754682 |    45584662 | prarthana@yahoo.com |
| Priti     | Chaudhari | Pune     | Pune     | Maharashtra |  456214 |     2136458 | priti@gmail.com     |
| Rohit     | Chaudhari | Banglore | Banglore | Karnatka    |  654225 |     5558656 | rohit@yahoo.com     |
+-----------+-----------+----------+----------+-------------+---------+-------------+---------------------+
4 rows in set (0.00 sec)

mysql> select firstname from addressbook order by city;
+-----------+
| firstname |
+-----------+
| Rohit     |
| Prarthana |
| Priti     |
| Harshal   |
+-----------+
4 rows in set (0.00 sec)
-----------------------------UC9 Add addressbookname and type-----------------------------------------------------------
mysql> alter table addressbook add type varchar(30) after lastname;
Query OK, 0 rows affected (0.12 sec)
Records: 0  Duplicates: 0  Warnings: 0

mysql> desc addressbook;
+-------------+--------------+------+-----+---------+-------+
| Field       | Type         | Null | Key | Default | Extra |
+-------------+--------------+------+-----+---------+-------+
| firstName   | varchar(100) | NO   | PRI | NULL    |       |
| lastName    | varchar(100) | NO   |     | NULL    |       |
| type        | varchar(30)  | YES  |     | NULL    |       |
| address     | varchar(100) | NO   |     | NULL    |       |
| city        | varchar(100) | NO   |     | NULL    |       |
| state       | varchar(100) | NO   |     | NULL    |       |
| zipCode     | int unsigned | NO   |     | NULL    |       |
| phoneNumber | bigint       | NO   |     | NULL    |       |
| email       | varchar(100) | NO   |     | NULL    |       |
+-------------+--------------+------+-----+---------+-------+
9 rows in set (0.01 sec)

mysql> update addressbook set type = 'Family' where firstname = 'Priti';
Query OK, 1 row affected (0.01 sec)
Rows matched: 1  Changed: 1  Warnings: 0

mysql> update addressbook set type = 'Friend' where firstname = 'Prarthana';
Query OK, 1 row affected (0.01 sec)
Rows matched: 1  Changed: 1  Warnings: 0

mysql> update addressbook set type = 'Profession' where firstname = 'Harshal';
Query OK, 1 row affected (0.01 sec)
Rows matched: 1  Changed: 1  Warnings: 0
mysql> select * from addressbook;
+-----------+-----------+------------+----------+----------+-------------+---------+-------------+---------------------+
| firstName | lastName  | type       | address  | city     | state       | zipCode | phoneNumber | email               |
+-----------+-----------+------------+----------+----------+-------------+---------+-------------+---------------------+
| Harshal   | Chaudhari | Profession | Surat    | Surat    | Gujrat      |   23154 |     1236542 | harshal@yahoo.com   |
| Prarthana | Chaudhari | Friend     | Mumbai   | Mumbai   | Maharashtra |  754682 |    45584662 | prarthana@yahoo.com |
| Priti     | Chaudhari | Family     | Pune     | Pune     | Maharashtra |  456214 |     2136458 | priti@gmail.com     |
| Rohit     | Chaudhari | NULL       | Banglore | Banglore | Karnatka    |  654225 |     5558656 | rohit@yahoo.com     |
+-----------+-----------+------------+----------+----------+-------------+---------+-------------+---------------------+
4 rows in set (0.00 sec)
-------------------------------UC10---------Count by type------------------------------------------------------------------------------------------------
mysql> select type,count(type) from addressbook group by type;
+------------+-------------+
| type       | count(type) |
+------------+-------------+
| Profession |           1 |
| Friend     |           1 |
| Family     |           1 |
| NULL       |           0 |
+------------+-------------+
4 rows in set (0.00 sec)
----------------------------------UC11--------add person for family and friend------------------------------------------------------------------------
mysql> insert into addressbook(firstname,lastname,type,address,city,state,zipCode,phonenumber,email) values ('Shreya','Pal','Family','Trivendram','Trivendram','Kerla',987501,89446866,'shreyapal78@gmail.com');
Query OK, 1 row affected (0.01 sec)
mysql> insert into addressbook(firstname,lastname,type,address,city,state,zipCode,phonenumber,email) values ('Nikhil','Khanna','Friend','Sector V','Gurgaon','Haryana',500901,284866,'nikhilkhanna333@gmail.com');
Query OK, 1 row affected (0.01 sec)
mysql> select * from addressbook;
+-----------+-----------+------------+------------+------------+-------------+---------+-------------+---------------------------+
| firstName | lastName  | type       | address    | city       | state       | zipCode | phoneNumber | email                     |
+-----------+-----------+------------+------------+------------+-------------+---------+-------------+---------------------------+
| Harshal   | Chaudhari | Profession | Surat      | Surat      | Gujrat      |   23154 |     1236542 | harshal@yahoo.com         |
| Nikhil    | Khanna    | Friend     | Sector V   | Gurgaon    | Haryana     |  500901 |      284866 | nikhilkhanna333@gmail.com |
| Prarthana | Chaudhari | Friend     | Mumbai     | Mumbai     | Maharashtra |  754682 |    45584662 | prarthana@yahoo.com       |
| Priti     | Chaudhari | Family     | Pune       | Pune       | Maharashtra |  456214 |     2136458 | priti@gmail.com           |
| Rohit     | Chaudhari | NULL       | Banglore   | Banglore   | Karnatka    |  654225 |     5558656 | rohit@yahoo.com           |
| Shreya    | Pal       | Family     | Trivendram | Trivendram | Kerla       |  987501 |    89446866 | shreyapal78@gmail.com     |
+-----------+-----------+------------+------------+------------+-------------+---------+-------------+---------------------------+
6 rows in set (0.00 sec)